ウマ娘,ウマ娘プリティーダービー,グラスワンダー(ウマ娘)
ウマ娘プリティーダービー,ウマ娘,ミスターシービー(ウマ娘),体育座り,ウマ娘プリティーダービー100users入り
漫画,ウマ娘プリティーダービー,ウマ娘,オルフェーヴル(ウマ娘),ハルウララ(ウマ娘),キングヘイロー(ウマ娘),カワカミプリンセス(ウマ娘),アグネスデジタル(ウマ娘)
ゴールドシップ(ウマ娘),ウマ娘プリティーダービー,ゴールドシップ,ゴルシ,ウマ娘
ウマ娘プリティーダービー,メジロマックイーン(ウマ娘),メジロマックイーン,ウマ娘
ヒシミラクル,ヒシミラクル(ウマ娘)
ウマ娘プリティーダービー,ハルウララ(ウマ娘),横顔
ウマ娘プリティーダービー,サトノダイヤモンド(ウマ娘)
ウマ娘プリティーダービー,ミホノブルボン(ウマ娘),サトノダイヤモンド(ウマ娘),キタサンブラック(ウマ娘),ダイワスカーレット(ウマ娘),メジロアルダン(ウマ娘),メジロラモーヌ(ウマ娘),ライスシャワー(ウマ娘),エイシンフラッシュ(ウマ娘),ウマ娘
ウマ娘プリティーダービー,ナリタトップロード(ウマ娘),カレンチャン(ウマ娘),トウカイテイオー(ウマ娘),メジロマックイーン(ウマ娘),アグネスタキオン(ウマ娘),マンハッタンカフェ(ウマ娘),ゼンノロブロイ(ウマ娘),アドマイヤベガ(ウマ娘)
ウマ娘,ウマ娘プリティーダービー,カレンチャン(ウマ娘),ぷにるはかわいいスライム,中の人ネタ,カレンチャンはかわいいウマ娘,篠原侑
ウマ娘プリティーダービー,ウマ娘,ダンツフレーム(ウマ娘)
サイレンススズカ(ウマ娘),ウマ娘プリティーダービー,ウマ娘,サイレンススズカ,AIイラスト,美少女,地雷系,ツインテール,女の子
スペシャルウィーク(ウマ娘),ウマ娘プリティーダービー,キングヘイロー(ウマ娘),ナリタタイシン(ウマ娘),エルコンドルパサー(ウマ娘),セイウンスカイ(ウマ娘),グラスワンダー(ウマ娘),ウイニングチケット(ウマ娘),ビワハヤヒデ(ウマ娘)
レサレサ,マリオストーリー,おばけ,ヴィルシーナ,ジェンティルドンナ,ウマ娘
ウマ娘,ウマ娘プリティーダービー,ダイワスカーレット(ウマ娘),体操服,ブルマ,ゼッケン,体育着
ウマ娘,ウマ娘プリティーダービー,アグネスタキオン(ウマ娘),マンハッタンカフェ(ウマ娘),タキカフェ
ウマ娘プリティーダービー,ウマ娘,トウカイテイオー(ウマ娘),トウカイテイオー
シュヴァルグラン(ウマ娘),ウマ娘プリティーダービー,ウマ娘,おへそ,女の子,手でハート,Grand_itinéraire
ウマ娘,ウマ娘プリティーダービー,ダンツフレーム(ウマ娘),ウマ娘加湿器ステークス,ダンツフレームが好きすぎる人,体操服,手うちわ,指でグイッ,汗だく,ウマ娘プリティーダービー1000users入り
ウマ娘プリティーダービー,ウマ娘,ダンツフレーム(ウマ娘),水着ウマ娘,AIイラスト,金ビキニ
ウマ娘プリティーダービー,ウマ娘,エイシンフラッシュ(ウマ娘),水着ウマ娘,Reines_Plätschern,夕映えは渚のJugend
ウマ娘プリティーダービー,ウマ娘,ライスシャワー(ウマ娘)
ウマ娘,ゼンノロブロイ(ウマ娘)
ウマ娘プリティーダービー,ウマ娘,セイウンスカイ(ウマ娘),StableDiffusion,AI,秋,Autumn,longhair,長い髪,ギター
ウマ娘プリティーダービー,ウマ娘,ヴィルシーナ(ウマ娘),ヴィルシーナ,浴衣ウマ娘,浴衣,AIイラスト
エアグルーヴ(ウマ娘),トウカイテイオー(ウマ娘),イクノディクタス(ウマ娘),ファインモーション(ウマ娘),ナカヤマフェスタ(ウマ娘),スレッタ・マーキュリー,グエル・ジェターク,真島吾朗
ウマ娘,ウマ娘プリティーダービー,カルストンライトオ(ウマ娘),真実一路(ウマ娘)
ウマ娘,ドリームジャーニー(ウマ娘)
ウマ娘プリティーダービー,マルゼンスキー(ウマ娘),スペシャルウィーク(ウマ娘),ブエナビスタ(ウマ娘),シーザリオ(ウマ娘),シンボリクリスエス(ウマ娘),デアリングハート(ウマ娘),デアリングタクト(ウマ娘),史実爺孫,史実親子
コイカツ,ウマ娘
漫画,4コマ,ウマ娘プリティーダービー,マチカネフクキタル(ウマ娘),サイレンススズカ(ウマ娘),フクスズ,雨の日
ウマ娘プリティーダービー,ウマ娘,ヒシアマゾン(ウマ娘),女侍,居合,へそ出し
ウマ娘プリティーダービー,ヒシミラクル(ウマ娘),水着ウマ娘,スクール水着
ウマ娘,アグネスタキオン,制服
ウマ娘プリティーダービー,Twitter風,モンジュー(ウマ娘),ヴェニュスパーク(ウマ娘),リガントーナ(ウマ娘),海外ウマ娘
ウマ娘,コパノリッキー,ケンタッキー
Koikatsu,コイカツ!,コイカツ,ウマ娘,ウマ娘プリティーダービー,マヤノトップガン(ウマ娘)
漫画,ウマ娘プリティーダービー,テイエムオペラオー(ウマ娘),トレセン音頭
スカウター,トレラブ勢,ナリタタイシン,トランセンド,ウマ娘,ウマ娘ドラゴンボールダービー,トランディッツ,バレテーラ,ナリタタイシン(ウマ娘)
ニシノフラワー(ウマ娘),ウマ娘プリティーダービー,ウマ娘
漫画,ウマ娘プリティーダービー,ウマ娘,グラスワンダー(ウマ娘),デュランダル(ウマ娘),清楚系鎌倉武士,女心
ウマ娘プリティーダービー,サトノダイヤモンド(ウマ娘),筋肉娘,キタサンブラック(ウマ娘),腹筋
ウマ娘プリティーダービー,ウインバリアシオン(ウマ娘)
ウマ娘プリティーダービー,カルストンライトオ(ウマ娘)
AI生成,ライスシャワー(ウマ娘),ウマ娘プリティーダービー,ライスシャワー,ウマ娘,お兄様ホイホイ
ウマ娘,ウマ娘プリティーダービー,シュヴァルグラン(ウマ娘),ヴィルシーナ(ウマ娘),ヴィブロス(ウマ娘)
ウマ娘プリティーダービー,マチカネフクキタル(ウマ娘)
ウマ娘プリティーダービー,ウマ娘,カレンチャン(ウマ娘)
漫画,ウマ娘プリティーダービー,ウイニングチケット(ウマ娘),ナリタタイシン(ウマ娘),ビワハヤヒデ(ウマ娘),ダイタクヘリオス(ウマ娘),メジロパーマー(ウマ娘),シュヴァルグラン(ウマ娘),サトノクラウン(ウマ娘),ダイイチルビー(ウマ娘)
ウマ娘プリティーダービー,ウマ娘,KORN,ドゥラメンテ(ウマ娘),ケラトサウルス,恐竜,古生物,これをウマ娘と言える度胸
オグリキャップ(ウマ娘),ウマ娘プリティーダービー,オグリキャップ,崩壊スターレイル,混ぜるな危険,開拓者(スターレイル),星(スターレイル),ウマ娘
ウマ娘プリティーダービー,ウマ娘,ダイワスカーレット(ウマ娘),ウオッカ(ウマ娘),ダイワスカーレット,ハロウィン,ハロウィン2024,男装,タキシード
サトノダイヤモンド,ウマ娘,サトノダイヤモンド(ウマ娘)
サトノダイヤモンド(ウマ娘),ドット絵
ウマ娘プリティーダービー,ウマ娘,タップダンスシチー(ウマ娘)
ウマ娘プリティーダービー,ウマ娘,マンハッタンカフェ(ウマ娘),女の子,お団子,チャイナドレス,チャイナ服,髪型チェンジ
スティルインラブ(ウマ娘),ウマ娘プリティーダービー,ウマ娘
ウマ娘,ウマ娘プリティーダービー,デュランダル(ウマ娘)
ウマ娘,ウマ娘プリティーダービー,グラスワンダー(ウマ娘)
ウマ娘プリティーダービー,ウマ娘,ミスターシービー(ウマ娘),体育座り,ウマ娘プリティーダービー100users入り
漫画,ウマ娘プリティーダービー,ウマ娘,オルフェーヴル(ウマ娘),ハルウララ(ウマ娘),キングヘイロー(ウマ娘),カワカミプリンセス(ウマ娘),アグネスデジタル(ウマ娘)
ゴールドシップ(ウマ娘),ウマ娘プリティーダービー,ゴールドシップ,ゴルシ,ウマ娘
ウマ娘プリティーダービー,メジロマックイーン(ウマ娘),メジロマックイーン,ウマ娘
ヒシミラクル,ヒシミラクル(ウマ娘)
ウマ娘プリティーダービー,ハルウララ(ウマ娘),横顔
ウマ娘プリティーダービー,サトノダイヤモンド(ウマ娘)
ウマ娘プリティーダービー,ミホノブルボン(ウマ娘),サトノダイヤモンド(ウマ娘),キタサンブラック(ウマ娘),ダイワスカーレット(ウマ娘),メジロアルダン(ウマ娘),メジロラモーヌ(ウマ娘),ライスシャワー(ウマ娘),エイシンフラッシュ(ウマ娘),ウマ娘
ウマ娘プリティーダービー,ナリタトップロード(ウマ娘),カレンチャン(ウマ娘),トウカイテイオー(ウマ娘),メジロマックイーン(ウマ娘),アグネスタキオン(ウマ娘),マンハッタンカフェ(ウマ娘),ゼンノロブロイ(ウマ娘),アドマイヤベガ(ウマ娘)
ウマ娘,ウマ娘プリティーダービー,カレンチャン(ウマ娘),ぷにるはかわいいスライム,中の人ネタ,カレンチャンはかわいいウマ娘,篠原侑
ウマ娘プリティーダービー,ウマ娘,ダンツフレーム(ウマ娘)
サイレンススズカ(ウマ娘),ウマ娘プリティーダービー,ウマ娘,サイレンススズカ,AIイラスト,美少女,地雷系,ツインテール,女の子
スペシャルウィーク(ウマ娘),ウマ娘プリティーダービー,キングヘイロー(ウマ娘),ナリタタイシン(ウマ娘),エルコンドルパサー(ウマ娘),セイウンスカイ(ウマ娘),グラスワンダー(ウマ娘),ウイニングチケット(ウマ娘),ビワハヤヒデ(ウマ娘)
レサレサ,マリオストーリー,おばけ,ヴィルシーナ,ジェンティルドンナ,ウマ娘
ウマ娘,ウマ娘プリティーダービー,ダイワスカーレット(ウマ娘),体操服,ブルマ,ゼッケン,体育着
ウマ娘,ウマ娘プリティーダービー,アグネスタキオン(ウマ娘),マンハッタンカフェ(ウマ娘),タキカフェ
ウマ娘プリティーダービー,ウマ娘,トウカイテイオー(ウマ娘),トウカイテイオー
シュヴァルグラン(ウマ娘),ウマ娘プリティーダービー,ウマ娘,おへそ,女の子,手でハート,Grand_itinéraire
ウマ娘,ウマ娘プリティーダービー,ダンツフレーム(ウマ娘),ウマ娘加湿器ステークス,ダンツフレームが好きすぎる人,体操服,手うちわ,指でグイッ,汗だく,ウマ娘プリティーダービー1000users入り
ウマ娘プリティーダービー,ウマ娘,ダンツフレーム(ウマ娘),水着ウマ娘,AIイラスト,金ビキニ
ウマ娘プリティーダービー,ウマ娘,エイシンフラッシュ(ウマ娘),水着ウマ娘,Reines_Plätschern,夕映えは渚のJugend
ウマ娘プリティーダービー,ウマ娘,ライスシャワー(ウマ娘)
ウマ娘,ゼンノロブロイ(ウマ娘)
ウマ娘プリティーダービー,ウマ娘,セイウンスカイ(ウマ娘),StableDiffusion,AI,秋,Autumn,longhair,長い髪,ギター
ウマ娘プリティーダービー,ウマ娘,ヴィルシーナ(ウマ娘),ヴィルシーナ,浴衣ウマ娘,浴衣,AIイラスト
エアグルーヴ(ウマ娘),トウカイテイオー(ウマ娘),イクノディクタス(ウマ娘),ファインモーション(ウマ娘),ナカヤマフェスタ(ウマ娘),スレッタ・マーキュリー,グエル・ジェターク,真島吾朗
ウマ娘,ウマ娘プリティーダービー,カルストンライトオ(ウマ娘),真実一路(ウマ娘)
ウマ娘,ドリームジャーニー(ウマ娘)
ウマ娘プリティーダービー,マルゼンスキー(ウマ娘),スペシャルウィーク(ウマ娘),ブエナビスタ(ウマ娘),シーザリオ(ウマ娘),シンボリクリスエス(ウマ娘),デアリングハート(ウマ娘),デアリングタクト(ウマ娘),史実爺孫,史実親子
コイカツ,ウマ娘
漫画,4コマ,ウマ娘プリティーダービー,マチカネフクキタル(ウマ娘),サイレンススズカ(ウマ娘),フクスズ,雨の日
ウマ娘プリティーダービー,ウマ娘,ヒシアマゾン(ウマ娘),女侍,居合,へそ出し
ウマ娘プリティーダービー,ヒシミラクル(ウマ娘),水着ウマ娘,スクール水着
ウマ娘,アグネスタキオン,制服
ウマ娘プリティーダービー,Twitter風,モンジュー(ウマ娘),ヴェニュスパーク(ウマ娘),リガントーナ(ウマ娘),海外ウマ娘
ウマ娘,コパノリッキー,ケンタッキー
Koikatsu,コイカツ!,コイカツ,ウマ娘,ウマ娘プリティーダービー,マヤノトップガン(ウマ娘)
漫画,ウマ娘プリティーダービー,テイエムオペラオー(ウマ娘),トレセン音頭
スカウター,トレラブ勢,ナリタタイシン,トランセンド,ウマ娘,ウマ娘ドラゴンボールダービー,トランディッツ,バレテーラ,ナリタタイシン(ウマ娘)
ニシノフラワー(ウマ娘),ウマ娘プリティーダービー,ウマ娘
漫画,ウマ娘プリティーダービー,ウマ娘,グラスワンダー(ウマ娘),デュランダル(ウマ娘),清楚系鎌倉武士,女心
ウマ娘プリティーダービー,サトノダイヤモンド(ウマ娘),筋肉娘,キタサンブラック(ウマ娘),腹筋
ウマ娘プリティーダービー,ウインバリアシオン(ウマ娘)
ウマ娘プリティーダービー,カルストンライトオ(ウマ娘)
AI生成,ライスシャワー(ウマ娘),ウマ娘プリティーダービー,ライスシャワー,ウマ娘,お兄様ホイホイ
ウマ娘,ウマ娘プリティーダービー,シュヴァルグラン(ウマ娘),ヴィルシーナ(ウマ娘),ヴィブロス(ウマ娘)
ウマ娘プリティーダービー,マチカネフクキタル(ウマ娘)
ウマ娘プリティーダービー,ウマ娘,カレンチャン(ウマ娘)
漫画,ウマ娘プリティーダービー,ウイニングチケット(ウマ娘),ナリタタイシン(ウマ娘),ビワハヤヒデ(ウマ娘),ダイタクヘリオス(ウマ娘),メジロパーマー(ウマ娘),シュヴァルグラン(ウマ娘),サトノクラウン(ウマ娘),ダイイチルビー(ウマ娘)
ウマ娘プリティーダービー,ウマ娘,KORN,ドゥラメンテ(ウマ娘),ケラトサウルス,恐竜,古生物,これをウマ娘と言える度胸
オグリキャップ(ウマ娘),ウマ娘プリティーダービー,オグリキャップ,崩壊スターレイル,混ぜるな危険,開拓者(スターレイル),星(スターレイル),ウマ娘
ウマ娘プリティーダービー,ウマ娘,ダイワスカーレット(ウマ娘),ウオッカ(ウマ娘),ダイワスカーレット,ハロウィン,ハロウィン2024,男装,タキシード
サトノダイヤモンド,ウマ娘,サトノダイヤモンド(ウマ娘)
サトノダイヤモンド(ウマ娘),ドット絵
ウマ娘プリティーダービー,ウマ娘,タップダンスシチー(ウマ娘)
ウマ娘プリティーダービー,ウマ娘,マンハッタンカフェ(ウマ娘),女の子,お団子,チャイナドレス,チャイナ服,髪型チェンジ
スティルインラブ(ウマ娘),ウマ娘プリティーダービー,ウマ娘
ウマ娘,ウマ娘プリティーダービー,デュランダル(ウマ娘)
ウマ娘,ウマ娘プリティーダービー,グラスワンダー(ウマ娘)
ウマ娘プリティーダービー,ウマ娘,ミスターシービー(ウマ娘),体育座り,ウマ娘プリティーダービー100users入り
漫画,ウマ娘プリティーダービー,ウマ娘,オルフェーヴル(ウマ娘),ハルウララ(ウマ娘),キングヘイロー(ウマ娘),カワカミプリンセス(ウマ娘),アグネスデジタル(ウマ娘)
ゴールドシップ(ウマ娘),ウマ娘プリティーダービー,ゴールドシップ,ゴルシ,ウマ娘
ウマ娘プリティーダービー,メジロマックイーン(ウマ娘),メジロマックイーン,ウマ娘
ヒシミラクル,ヒシミラクル(ウマ娘)
ウマ娘プリティーダービー,ハルウララ(ウマ娘),横顔
ウマ娘プリティーダービー,サトノダイヤモンド(ウマ娘)
ウマ娘プリティーダービー,ミホノブルボン(ウマ娘),サトノダイヤモンド(ウマ娘),キタサンブラック(ウマ娘),ダイワスカーレット(ウマ娘),メジロアルダン(ウマ娘),メジロラモーヌ(ウマ娘),ライスシャワー(ウマ娘),エイシンフラッシュ(ウマ娘),ウマ娘
ウマ娘プリティーダービー,ナリタトップロード(ウマ娘),カレンチャン(ウマ娘),トウカイテイオー(ウマ娘),メジロマックイーン(ウマ娘),アグネスタキオン(ウマ娘),マンハッタンカフェ(ウマ娘),ゼンノロブロイ(ウマ娘),アドマイヤベガ(ウマ娘)
ウマ娘,ウマ娘プリティーダービー,カレンチャン(ウマ娘),ぷにるはかわいいスライム,中の人ネタ,カレンチャンはかわいいウマ娘,篠原侑
ウマ娘プリティーダービー,ウマ娘,ダンツフレーム(ウマ娘)
サイレンススズカ(ウマ娘),ウマ娘プリティーダービー,ウマ娘,サイレンススズカ,AIイラスト,美少女,地雷系,ツインテール,女の子
スペシャルウィーク(ウマ娘),ウマ娘プリティーダービー,キングヘイロー(ウマ娘),ナリタタイシン(ウマ娘),エルコンドルパサー(ウマ娘),セイウンスカイ(ウマ娘),グラスワンダー(ウマ娘),ウイニングチケット(ウマ娘),ビワハヤヒデ(ウマ娘)
レサレサ,マリオストーリー,おばけ,ヴィルシーナ,ジェンティルドンナ,ウマ娘
ウマ娘,ウマ娘プリティーダービー,ダイワスカーレット(ウマ娘),体操服,ブルマ,ゼッケン,体育着
ウマ娘,ウマ娘プリティーダービー,アグネスタキオン(ウマ娘),マンハッタンカフェ(ウマ娘),タキカフェ
ウマ娘プリティーダービー,ウマ娘,トウカイテイオー(ウマ娘),トウカイテイオー
シュヴァルグラン(ウマ娘),ウマ娘プリティーダービー,ウマ娘,おへそ,女の子,手でハート,Grand_itinéraire
ウマ娘,ウマ娘プリティーダービー,ダンツフレーム(ウマ娘),ウマ娘加湿器ステークス,ダンツフレームが好きすぎる人,体操服,手うちわ,指でグイッ,汗だく,ウマ娘プリティーダービー1000users入り
ウマ娘プリティーダービー,ウマ娘,ダンツフレーム(ウマ娘),水着ウマ娘,AIイラスト,金ビキニ
ウマ娘プリティーダービー,ウマ娘,エイシンフラッシュ(ウマ娘),水着ウマ娘,Reines_Plätschern,夕映えは渚のJugend
ウマ娘プリティーダービー,ウマ娘,ライスシャワー(ウマ娘)
ウマ娘,ゼンノロブロイ(ウマ娘)
ウマ娘プリティーダービー,ウマ娘,セイウンスカイ(ウマ娘),StableDiffusion,AI,秋,Autumn,longhair,長い髪,ギター
ウマ娘プリティーダービー,ウマ娘,ヴィルシーナ(ウマ娘),ヴィルシーナ,浴衣ウマ娘,浴衣,AIイラスト
エアグルーヴ(ウマ娘),トウカイテイオー(ウマ娘),イクノディクタス(ウマ娘),ファインモーション(ウマ娘),ナカヤマフェスタ(ウマ娘),スレッタ・マーキュリー,グエル・ジェターク,真島吾朗
ウマ娘,ウマ娘プリティーダービー,カルストンライトオ(ウマ娘),真実一路(ウマ娘)
ウマ娘,ドリームジャーニー(ウマ娘)
ウマ娘プリティーダービー,マルゼンスキー(ウマ娘),スペシャルウィーク(ウマ娘),ブエナビスタ(ウマ娘),シーザリオ(ウマ娘),シンボリクリスエス(ウマ娘),デアリングハート(ウマ娘),デアリングタクト(ウマ娘),史実爺孫,史実親子
コイカツ,ウマ娘
漫画,4コマ,ウマ娘プリティーダービー,マチカネフクキタル(ウマ娘),サイレンススズカ(ウマ娘),フクスズ,雨の日
ウマ娘プリティーダービー,ウマ娘,ヒシアマゾン(ウマ娘),女侍,居合,へそ出し
ウマ娘プリティーダービー,ヒシミラクル(ウマ娘),水着ウマ娘,スクール水着
ウマ娘,アグネスタキオン,制服
ウマ娘プリティーダービー,Twitter風,モンジュー(ウマ娘),ヴェニュスパーク(ウマ娘),リガントーナ(ウマ娘),海外ウマ娘
ウマ娘,コパノリッキー,ケンタッキー
Koikatsu,コイカツ!,コイカツ,ウマ娘,ウマ娘プリティーダービー,マヤノトップガン(ウマ娘)
漫画,ウマ娘プリティーダービー,テイエムオペラオー(ウマ娘),トレセン音頭
スカウター,トレラブ勢,ナリタタイシン,トランセンド,ウマ娘,ウマ娘ドラゴンボールダービー,トランディッツ,バレテーラ,ナリタタイシン(ウマ娘)
ニシノフラワー(ウマ娘),ウマ娘プリティーダービー,ウマ娘
漫画,ウマ娘プリティーダービー,ウマ娘,グラスワンダー(ウマ娘),デュランダル(ウマ娘),清楚系鎌倉武士,女心
ウマ娘プリティーダービー,サトノダイヤモンド(ウマ娘),筋肉娘,キタサンブラック(ウマ娘),腹筋
ウマ娘プリティーダービー,ウインバリアシオン(ウマ娘)
ウマ娘プリティーダービー,カルストンライトオ(ウマ娘)
AI生成,ライスシャワー(ウマ娘),ウマ娘プリティーダービー,ライスシャワー,ウマ娘,お兄様ホイホイ
ウマ娘,ウマ娘プリティーダービー,シュヴァルグラン(ウマ娘),ヴィルシーナ(ウマ娘),ヴィブロス(ウマ娘)
ウマ娘プリティーダービー,マチカネフクキタル(ウマ娘)
ウマ娘プリティーダービー,ウマ娘,カレンチャン(ウマ娘)
漫画,ウマ娘プリティーダービー,ウイニングチケット(ウマ娘),ナリタタイシン(ウマ娘),ビワハヤヒデ(ウマ娘),ダイタクヘリオス(ウマ娘),メジロパーマー(ウマ娘),シュヴァルグラン(ウマ娘),サトノクラウン(ウマ娘),ダイイチルビー(ウマ娘)
ウマ娘プリティーダービー,ウマ娘,KORN,ドゥラメンテ(ウマ娘),ケラトサウルス,恐竜,古生物,これをウマ娘と言える度胸
オグリキャップ(ウマ娘),ウマ娘プリティーダービー,オグリキャップ,崩壊スターレイル,混ぜるな危険,開拓者(スターレイル),星(スターレイル),ウマ娘
ウマ娘プリティーダービー,ウマ娘,ダイワスカーレット(ウマ娘),ウオッカ(ウマ娘),ダイワスカーレット,ハロウィン,ハロウィン2024,男装,タキシード
サトノダイヤモンド,ウマ娘,サトノダイヤモンド(ウマ娘)
サトノダイヤモンド(ウマ娘),ドット絵
ウマ娘プリティーダービー,ウマ娘,タップダンスシチー(ウマ娘)
ウマ娘プリティーダービー,ウマ娘,マンハッタンカフェ(ウマ娘),女の子,お団子,チャイナドレス,チャイナ服,髪型チェンジ
スティルインラブ(ウマ娘),ウマ娘プリティーダービー,ウマ娘
ウマ娘,ウマ娘プリティーダービー,デュランダル(ウマ娘)
